ID,age,sex,region,income,married,children,car,save_act,current_act,mortgage,payback
12101,48,FEMALE,INNER_CITY,17546,NO,1,NO,NO,NO,NO,1
12102,40,MALE,TOWN,30085.1,YES,3,YES,NO,YES,YES,0
12103,51,FEMALE,INNER_CITY,16575.4,YES,0,YES,YES,YES,NO,0
12104,23,FEMALE,TOWN,20375.4,YES,3,NO,NO,YES,NO,0
12105,57,FEMALE,RURAL,50576.3,YES,0,NO,YES,NO,NO,0
12106,57,FEMALE,TOWN,37869.6,YES,2,NO,YES,YES,NO,1
12107,22,MALE,RURAL,8877.07,NO,0,NO,NO,YES,NO,1
12108,58,MALE,TOWN,24946.6,YES,0,YES,YES,YES,NO,0
12109,37,FEMALE,SUBURBAN,25304.3,YES,2,YES,NO,NO,NO,0
12110,54,MALE,TOWN,24212.1,YES,2,YES,YES,YES,NO,0
12111,66,FEMALE,TOWN,59803.9,YES,0,NO,YES,YES,NO,0
12112,52,FEMALE,INNER_CITY,26658.8,NO,0,YES,YES,YES,YES,0
12113,44,FEMALE,TOWN,15735.8,YES,1,NO,YES,YES,YES,1
12114,66,FEMALE,TOWN,55204.7,YES,1,YES,YES,YES,YES,1
12115,36,MALE,RURAL,19474.6,YES,0,NO,YES,YES,YES,0
12116,38,FEMALE,INNER_CITY,22342.1,YES,0,YES,YES,YES,YES,0
12117,37,FEMALE,TOWN,17729.8,YES,2,NO,NO,NO,YES,0
12118,46,FEMALE,SUBURBAN,41016,YES,0,NO,YES,NO,YES,0
12119,62,FEMALE,INNER_CITY,26909.2,YES,0,NO,YES,NO,NO,1
12120,31,MALE,TOWN,22522.8,YES,0,YES,YES,YES,NO,0
12121,61,MALE,INNER_CITY,57880.7,YES,2,NO,YES,NO,NO,1
12122,50,MALE,TOWN,16497.3,YES,2,NO,YES,YES,NO,0
12123,54,MALE,INNER_CITY,38446.6,YES,0,NO,YES,YES,NO,0
12124,27,FEMALE,TOWN,15538.8,NO,0,YES,YES,YES,YES,0
12125,22,MALE,INNER_CITY,12640.3,NO,2,YES,YES,YES,NO,0
12126,56,MALE,INNER_CITY,41034,YES,0,YES,YES,YES,YES,0
12127,45,MALE,INNER_CITY,20809.7,YES,0,NO,YES,YES,YES,0
12128,39,FEMALE,TOWN,20114,YES,1,NO,NO,YES,NO,1
12129,39,FEMALE,INNER_CITY,29359.1,NO,3,YES,NO,YES,YES,0
12130,61,MALE,RURAL,24270.1,YES,1,NO,NO,YES,NO,1
12131,61,FEMALE,RURAL,22942.9,YES,2,NO,YES,YES,NO,0
12132,20,FEMALE,TOWN,16325.8,YES,2,NO,YES,NO,NO,0
12133,45,MALE,SUBURBAN,23443.2,YES,1,YES,YES,YES,NO,1
12134,33,FEMALE,INNER_CITY,29921.3,NO,3,YES,YES,NO,NO,0
12135,43,MALE,SUBURBAN,37521.9,NO,0,NO,YES,YES,NO,1
12136,27,FEMALE,INNER_CITY,19868,YES,2,NO,YES,YES,NO,0
12137,19,MALE,RURAL,10953,YES,3,YES,YES,YES,NO,0
12138,36,FEMALE,RURAL,13381,NO,0,YES,NO,YES,NO,1
12139,43,FEMALE,TOWN,18504.3,YES,0,YES,YES,YES,NO,0
12140,66,FEMALE,SUBURBAN,25391.5,NO,2,NO,NO,YES,NO,0
12141,55,MALE,TOWN,26774.2,YES,0,NO,NO,YES,YES,1
12142,47,FEMALE,INNER_CITY,26952.6,YES,0,YES,NO,YES,NO,0
12143,67,MALE,TOWN,55716.5,NO,2,YES,YES,NO,NO,1
12144,32,FEMALE,TOWN,27571.5,YES,0,YES,NO,YES,YES,0
12145,20,MALE,INNER_CITY,13740,NO,2,YES,YES,YES,YES,0
12146,64,MALE,INNER_CITY,52670.6,YES,2,NO,YES,YES,YES,1
12147,50,FEMALE,INNER_CITY,13283.9,NO,1,YES,YES,YES,NO,1
12148,29,MALE,INNER_CITY,13106.6,NO,2,NO,YES,YES,YES,1
12149,52,MALE,INNER_CITY,39547.8,NO,2,YES,NO,YES,NO,1
12150,47,FEMALE,RURAL,17867.3,YES,2,YES,YES,NO,NO,0
12151,24,MALE,TOWN,14309.7,NO,2,YES,YES,NO,NO,0
12152,36,MALE,TOWN,23894.8,YES,0,NO,NO,NO,NO,0
12153,43,MALE,TOWN,16259.7,YES,1,NO,YES,YES,NO,1
12154,48,MALE,SUBURBAN,29794.1,NO,1,NO,YES,YES,NO,1
12155,63,MALE,TOWN,56842.5,YES,0,NO,YES,YES,YES,0
12156,52,FEMALE,RURAL,47835.8,NO,3,NO,YES,NO,NO,1
12157,58,FEMALE,INNER_CITY,24977.5,NO,0,NO,NO,YES,NO,1
12158,28,MALE,INNER_CITY,23124.9,YES,0,NO,YES,YES,NO,1
12159,29,FEMALE,INNER_CITY,15143.8,YES,0,NO,NO,YES,NO,0
12160,34,MALE,INNER_CITY,25334.3,NO,1,YES,YES,YES,YES,1
12161,42,FEMALE,INNER_CITY,24763.3,YES,1,NO,YES,YES,YES,1
12162,65,FEMALE,INNER_CITY,36589,NO,1,YES,NO,YES,NO,1
12163,47,MALE,INNER_CITY,27022.6,YES,2,NO,YES,YES,NO,0
12164,20,MALE,INNER_CITY,11700.4,YES,0,NO,YES,NO,NO,0
12165,21,MALE,TOWN,5014.21,NO,0,YES,YES,YES,YES,0
12166,42,MALE,INNER_CITY,17390.1,YES,0,NO,YES,YES,NO,0
12167,19,MALE,TOWN,10861,NO,2,NO,YES,YES,NO,0
12168,41,FEMALE,TOWN,34892.9,NO,0,NO,YES,YES,YES,0
12169,30,MALE,TOWN,19403.1,NO,2,NO,YES,YES,NO,0
12170,31,FEMALE,RURAL,10441.9,YES,2,NO,NO,YES,NO,1
12171,25,MALE,INNER_CITY,14064.9,YES,3,YES,YES,YES,NO,0
12172,21,MALE,INNER_CITY,8062.73,NO,0,NO,NO,YES,NO,1
12173,36,MALE,INNER_CITY,31982,YES,3,YES,YES,YES,YES,1
12174,58,FEMALE,INNER_CITY,23197.5,YES,2,NO,YES,NO,YES,0
12175,64,FEMALE,INNER_CITY,52674,NO,2,YES,YES,YES,NO,1
12176,59,FEMALE,RURAL,35610.5,NO,2,YES,NO,NO,NO,1
12177,45,FEMALE,TOWN,26948,NO,0,NO,YES,YES,YES,0
12178,61,MALE,INNER_CITY,49456.7,YES,1,YES,YES,YES,YES,1
12179,30,FEMALE,INNER_CITY,14724.5,YES,0,YES,NO,YES,NO,0
12180,58,FEMALE,TOWN,34524.9,YES,2,YES,YES,NO,NO,1
12181,50,FEMALE,TOWN,22052.1,NO,3,NO,YES,YES,NO,1
12182,30,MALE,INNER_CITY,27808.1,NO,3,NO,NO,YES,NO,0
12183,29,FEMALE,INNER_CITY,12591.4,YES,1,NO,YES,YES,NO,0
12184,35,MALE,INNER_CITY,16394.4,YES,1,NO,YES,YES,NO,1
12185,62,MALE,INNER_CITY,24026.1,YES,0,NO,NO,YES,YES,1
12186,36,MALE,INNER_CITY,31683.1,YES,1,YES,YES,YES,NO,1
12187,25,FEMALE,INNER_CITY,15525,YES,0,NO,YES,YES,NO,0
12188,66,FEMALE,TOWN,22562.2,NO,0,YES,YES,YES,YES,0
12189,30,MALE,SUBURBAN,15848.7,YES,0,YES,YES,NO,YES,0
12190,54,FEMALE,INNER_CITY,31095.6,YES,2,NO,NO,YES,NO,1
12191,37,MALE,TOWN,24814.5,YES,1,YES,NO,YES,YES,1
12192,28,FEMALE,INNER_CITY,25429.3,NO,2,NO,YES,YES,YES,0
12193,53,FEMALE,RURAL,34866.5,NO,0,NO,NO,YES,NO,1
12194,61,MALE,INNER_CITY,42579.1,YES,2,YES,YES,YES,NO,0
12195,61,FEMALE,INNER_CITY,41127.4,YES,0,YES,YES,NO,NO,0
12196,18,FEMALE,INNER_CITY,9990.11,YES,0,NO,YES,YES,NO,0
12197,22,MALE,INNER_CITY,7948.62,YES,1,NO,NO,NO,YES,0
12198,34,MALE,TOWN,30870.8,YES,2,YES,YES,YES,YES,1
12199,35,FEMALE,INNER_CITY,12125.8,NO,2,NO,YES,YES,NO,0
12200,18,FEMALE,RURAL,15348.9,YES,0,YES,NO,YES,NO,0
12201,54,MALE,INNER_CITY,26707.9,YES,1,NO,YES,YES,YES,1
12202,27,FEMALE,INNER_CITY,11604.4,YES,2,YES,YES,YES,NO,0
12203,42,MALE,INNER_CITY,15499.9,YES,0,YES,NO,YES,YES,1
12204,43,MALE,TOWN,33088.5,NO,0,NO,YES,YES,YES,0
12205,64,FEMALE,INNER_CITY,34513.6,YES,1,NO,YES,YES,NO,1
12206,43,MALE,TOWN,32395.5,YES,3,YES,YES,YES,NO,0
12207,49,MALE,RURAL,46633,YES,0,YES,YES,NO,NO,0
12208,23,MALE,INNER_CITY,13039.9,YES,0,NO,NO,YES,NO,0
12209,23,MALE,INNER_CITY,12681.9,NO,0,NO,YES,YES,NO,1
12210,30,FEMALE,INNER_CITY,24031.5,YES,2,YES,YES,YES,YES,0
12211,36,MALE,TOWN,37330.5,NO,2,NO,YES,YES,NO,1
12212,34,MALE,INNER_CITY,25333.2,YES,3,YES,NO,NO,YES,0
12213,51,FEMALE,INNER_CITY,37094.2,YES,0,YES,NO,YES,NO,0
12214,36,MALE,TOWN,33630.6,NO,2,YES,YES,YES,NO,1
12215,56,MALE,INNER_CITY,43228.2,YES,1,YES,YES,YES,NO,1
12216,54,FEMALE,INNER_CITY,47796.8,YES,0,NO,YES,YES,NO,0
12217,56,FEMALE,TOWN,21730.3,YES,2,NO,YES,NO,NO,0
12218,26,MALE,INNER_CITY,10044.1,YES,3,NO,YES,YES,YES,0
12219,39,MALE,TOWN,17270.1,NO,0,YES,NO,NO,NO,1
12220,64,FEMALE,RURAL,45765,YES,3,YES,YES,YES,NO,1
12221,46,MALE,RURAL,29525.5,NO,2,NO,YES,NO,YES,0
12222,62,FEMALE,RURAL,54863.8,YES,1,YES,YES,YES,NO,1
12223,36,FEMALE,TOWN,20799,YES,1,NO,YES,NO,YES,1
12224,35,FEMALE,RURAL,33028.3,NO,1,NO,YES,YES,NO,1
12225,47,MALE,RURAL,45031.9,NO,3,YES,YES,NO,NO,1
12226,47,MALE,INNER_CITY,39010.8,YES,2,NO,NO,YES,NO,1
12227,37,FEMALE,TOWN,25257.7,YES,0,YES,YES,YES,NO,0
12228,48,FEMALE,INNER_CITY,42603.9,YES,0,NO,YES,YES,NO,0
12229,41,MALE,TOWN,14092.7,YES,3,YES,YES,YES,NO,0
12230,27,FEMALE,RURAL,21350.3,NO,0,YES,YES,YES,NO,1
12231,43,MALE,INNER_CITY,23246.4,NO,2,NO,NO,YES,NO,0
12232,61,MALE,RURAL,41609.5,YES,3,NO,YES,YES,YES,0
12233,52,FEMALE,SUBURBAN,16716.1,NO,2,YES,YES,YES,NO,0
12234,64,FEMALE,SUBURBAN,36436.4,YES,0,YES,NO,YES,NO,0
12235,66,FEMALE,TOWN,59503.8,YES,2,YES,YES,YES,YES,1
12236,53,FEMALE,TOWN,31334.8,YES,1,YES,YES,YES,NO,1
12237,20,FEMALE,INNER_CITY,14048.9,YES,2,YES,NO,YES,YES,0
12238,57,FEMALE,INNER_CITY,39205.3,NO,0,NO,YES,YES,NO,1
12239,65,FEMALE,RURAL,42173.9,YES,0,NO,YES,YES,NO,0
12240,64,FEMALE,INNER_CITY,55263,NO,1,NO,YES,YES,NO,1
12241,52,MALE,INNER_CITY,37095.2,YES,3,NO,YES,YES,NO,0
12242,47,FEMALE,INNER_CITY,22791.4,YES,0,NO,NO,YES,NO,0
12243,28,FEMALE,TOWN,17240.6,YES,1,YES,NO,NO,YES,0
12244,64,MALE,TOWN,48974.8,YES,0,YES,YES,YES,YES,0
12245,25,MALE,INNER_CITY,18923,YES,1,NO,YES,YES,NO,1
12246,58,MALE,SUBURBAN,51204.2,YES,0,NO,YES,NO,YES,1
12247,34,MALE,TOWN,20236.2,YES,2,YES,NO,YES,NO,0
12248,20,FEMALE,INNER_CITY,18860.3,NO,2,NO,YES,YES,NO,0
12249,63,MALE,RURAL,25732.5,YES,0,YES,YES,NO,NO,0
12250,30,FEMALE,SUBURBAN,28240.4,YES,3,YES,YES,YES,NO,0
12251,53,MALE,RURAL,28193.6,YES,1,YES,YES,YES,NO,1
12252,43,MALE,TOWN,36432.8,NO,2,YES,NO,YES,NO,1
12253,63,MALE,TOWN,54618.8,YES,2,NO,YES,NO,YES,1
12254,33,MALE,INNER_CITY,24760.8,YES,1,NO,YES,YES,YES,1
12255,41,MALE,RURAL,23356.1,NO,2,YES,NO,NO,NO,0
12256,20,FEMALE,SUBURBAN,8143.75,YES,2,NO,YES,YES,NO,1
12257,50,MALE,TOWN,26462.5,YES,0,YES,YES,YES,NO,0
12258,24,MALE,RURAL,20467.3,YES,2,YES,YES,YES,NO,0
12259,60,FEMALE,TOWN,21506.2,YES,0,NO,NO,YES,NO,1
12260,44,FEMALE,TOWN,15315.3,YES,1,NO,YES,YES,NO,1
12261,23,MALE,INNER_CITY,18875.7,YES,2,YES,YES,YES,NO,0
12262,40,FEMALE,INNER_CITY,12977.2,YES,0,NO,NO,NO,NO,0
12263,49,FEMALE,TOWN,20708.5,NO,3,NO,NO,YES,NO,0
12264,21,FEMALE,TOWN,7549.38,NO,1,YES,NO,YES,NO,0
12265,40,FEMALE,INNER_CITY,24904,YES,0,NO,NO,NO,NO,0
12266,26,MALE,RURAL,24071.8,YES,1,NO,NO,YES,YES,1
12267,20,MALE,TOWN,9589.91,NO,1,NO,YES,YES,YES,0
12268,24,MALE,INNER_CITY,8562.86,NO,1,NO,NO,NO,YES,0
12269,37,FEMALE,TOWN,26707.5,NO,0,YES,YES,YES,NO,0
12270,56,MALE,INNER_CITY,34020.5,YES,0,NO,NO,YES,NO,0
12271,52,MALE,INNER_CITY,49175.7,YES,0,YES,YES,YES,NO,0
12272,22,MALE,INNER_CITY,19726.3,YES,2,NO,NO,YES,NO,0
12273,35,MALE,INNER_CITY,24346.6,YES,3,YES,YES,YES,NO,0
12274,34,MALE,RURAL,26999.4,YES,1,YES,YES,YES,NO,1
12275,67,FEMALE,TOWN,41558.1,YES,2,NO,YES,YES,NO,1
12276,58,FEMALE,INNER_CITY,56340.3,NO,0,NO,YES,YES,NO,1
12277,40,MALE,TOWN,37558.5,YES,0,YES,YES,YES,NO,0
12278,41,FEMALE,INNER_CITY,30099.3,YES,0,YES,YES,YES,YES,1
12279,43,MALE,INNER_CITY,15254.8,YES,0,NO,NO,NO,NO,1
12280,63,MALE,INNER_CITY,36086.1,YES,2,NO,NO,YES,NO,1
12281,22,FEMALE,INNER_CITY,17655,YES,1,NO,YES,YES,YES,1
12282,60,MALE,RURAL,56658.9,NO,0,NO,YES,YES,NO,1
12283,65,FEMALE,INNER_CITY,37706.5,NO,0,YES,YES,YES,YES,0
12284,48,FEMALE,INNER_CITY,18516,YES,2,YES,YES,YES,YES,0
12285,38,FEMALE,INNER_CITY,29622,NO,0,YES,YES,NO,YES,0
12286,49,MALE,RURAL,32669.9,YES,1,YES,YES,YES,YES,1
12287,20,FEMALE,INNER_CITY,18275.5,YES,0,NO,NO,NO,YES,1
12288,48,FEMALE,TOWN,34410,YES,1,NO,NO,YES,NO,1
12289,38,MALE,INNER_CITY,34866.9,YES,2,YES,NO,YES,YES,0
12290,41,FEMALE,INNER_CITY,21796.6,YES,0,NO,NO,YES,NO,0
12291,67,FEMALE,SUBURBAN,63130.1,YES,2,YES,YES,YES,NO,1
12292,39,MALE,INNER_CITY,14996.4,YES,1,YES,YES,NO,NO,0
12293,64,FEMALE,RURAL,49024.9,YES,3,NO,YES,YES,NO,1
12294,41,MALE,INNER_CITY,16249.8,YES,0,YES,NO,YES,YES,1
12295,55,MALE,SUBURBAN,36192.1,YES,2,YES,NO,YES,NO,1
12296,52,MALE,INNER_CITY,17839.9,YES,1,NO,YES,NO,YES,1
12297,30,FEMALE,INNER_CITY,18802.4,NO,0,NO,NO,YES,YES,1
12298,52,MALE,INNER_CITY,48720.3,YES,2,YES,YES,YES,NO,1
12299,26,MALE,INNER_CITY,14585.9,NO,2,NO,NO,YES,YES,0
12300,26,FEMALE,INNER_CITY,20819,YES,0,NO,YES,YES,NO,1
12301,46,MALE,TOWN,26077.8,YES,1,YES,YES,YES,NO,1
12302,46,FEMALE,TOWN,41627.1,YES,0,NO,YES,YES,YES,0
12303,52,MALE,INNER_CITY,16977.3,YES,0,NO,NO,YES,NO,0
12304,37,MALE,INNER_CITY,19012.8,NO,3,YES,NO,YES,NO,0
12305,22,MALE,INNER_CITY,12764.8,YES,1,NO,YES,YES,YES,1
12306,18,MALE,INNER_CITY,14388.6,NO,0,YES,NO,YES,YES,1
12307,63,MALE,INNER_CITY,59409.1,NO,0,YES,YES,YES,NO,1
12308,25,FEMALE,INNER_CITY,14960.2,YES,0,NO,YES,YES,YES,0
12309,67,MALE,INNER_CITY,39666.6,YES,0,YES,YES,YES,NO,0
12310,27,MALE,INNER_CITY,20771.9,NO,0,NO,YES,NO,NO,1
12311,61,MALE,INNER_CITY,24474.1,NO,0,YES,NO,NO,NO,1
12312,58,MALE,TOWN,33123.7,YES,1,YES,YES,YES,NO,1
12313,22,MALE,INNER_CITY,14433.4,YES,0,YES,YES,YES,NO,1
12314,28,MALE,TOWN,13175.5,NO,1,NO,NO,YES,NO,1
12315,23,MALE,INNER_CITY,9824.37,YES,0,NO,YES,YES,NO,0
12316,27,MALE,SUBURBAN,17610.3,YES,0,NO,YES,YES,NO,0
12317,27,FEMALE,SUBURBAN,15156.2,YES,0,YES,NO,YES,NO,0
12318,40,FEMALE,INNER_CITY,31774.1,YES,3,YES,YES,YES,YES,0
12319,39,MALE,TOWN,31693.5,NO,0,YES,YES,NO,NO,1
12320,35,FEMALE,INNER_CITY,28598.7,YES,0,YES,YES,YES,NO,0
12321,37,FEMALE,INNER_CITY,26261.7,NO,2,YES,NO,NO,NO,0
12322,47,MALE,INNER_CITY,42124.1,YES,2,NO,YES,YES,NO,1
12323,42,FEMALE,INNER_CITY,39308.7,YES,1,NO,YES,YES,NO,1
12324,67,FEMALE,INNER_CITY,43530,YES,0,NO,YES,YES,YES,0
12325,57,MALE,RURAL,49874.4,YES,3,NO,YES,YES,NO,1
12326,47,FEMALE,RURAL,27434.8,NO,0,YES,YES,YES,NO,1
12327,67,MALE,INNER_CITY,50474.6,YES,2,YES,YES,YES,NO,1
12328,56,MALE,TOWN,24888.2,NO,0,NO,YES,YES,NO,1
12329,37,MALE,RURAL,28021.6,NO,0,YES,NO,YES,YES,1
12330,27,MALE,INNER_CITY,12279.5,NO,0,YES,NO,NO,NO,1
12331,59,FEMALE,INNER_CITY,30189.4,YES,0,YES,NO,YES,YES,1
12332,31,MALE,INNER_CITY,28969.4,NO,1,NO,NO,YES,YES,0
12333,31,MALE,SUBURBAN,14058.5,YES,0,NO,NO,YES,YES,1
12334,32,FEMALE,TOWN,30404.3,YES,0,YES,YES,YES,NO,0
12335,57,FEMALE,RURAL,41438.2,NO,3,NO,YES,NO,NO,0
12336,49,FEMALE,INNER_CITY,16711.3,NO,1,NO,YES,YES,YES,1
12337,65,MALE,TOWN,52255.9,NO,2,YES,YES,YES,NO,1
12338,22,FEMALE,INNER_CITY,17866.9,YES,2,NO,YES,YES,YES,0
12339,26,FEMALE,RURAL,18067.5,YES,2,NO,YES,NO,NO,0
12340,23,MALE,INNER_CITY,12823.7,YES,0,YES,YES,YES,NO,0
12341,26,FEMALE,RURAL,11299.3,YES,2,YES,NO,NO,NO,0
12342,59,FEMALE,INNER_CITY,56031.1,NO,0,YES,YES,YES,NO,1
12343,67,MALE,INNER_CITY,35263.5,YES,1,YES,YES,YES,NO,1
12344,34,FEMALE,INNER_CITY,19968.1,YES,0,YES,YES,YES,NO,0
12345,50,MALE,RURAL,27825.5,YES,2,YES,YES,NO,NO,0
12346,46,MALE,SUBURBAN,37773.9,NO,0,YES,YES,YES,YES,0
12347,23,FEMALE,INNER_CITY,7606.25,NO,3,YES,NO,NO,NO,0
12348,26,MALE,RURAL,21384.4,YES,0,NO,NO,YES,NO,0
12349,40,MALE,TOWN,20347,YES,3,NO,YES,YES,NO,0
12350,36,MALE,TOWN,21332.3,YES,3,YES,NO,YES,NO,0
12351,65,MALE,INNER_CITY,57671.7,NO,0,NO,YES,YES,YES,0
12352,45,FEMALE,TOWN,36057.8,YES,1,YES,YES,YES,YES,1
12353,23,MALE,INNER_CITY,14290.5,YES,2,NO,NO,YES,YES,0
12354,42,FEMALE,TOWN,17882.9,YES,1,NO,NO,NO,NO,1
12355,21,FEMALE,RURAL,10629.1,NO,3,NO,YES,YES,YES,0
12356,62,FEMALE,INNER_CITY,24262.8,NO,0,YES,NO,YES,NO,1
12357,49,FEMALE,SUBURBAN,26097.9,NO,2,NO,YES,YES,NO,0
12358,28,FEMALE,TOWN,23371,YES,2,NO,NO,YES,YES,0
12359,38,FEMALE,TOWN,21495.6,NO,3,NO,NO,YES,YES,0
12360,36,MALE,TOWN,12166.9,NO,0,NO,NO,NO,NO,0
12361,22,MALE,SUBURBAN,17180.2,YES,0,NO,YES,YES,NO,0
12362,40,FEMALE,TOWN,28882.3,YES,1,NO,YES,YES,YES,1
12363,40,FEMALE,TOWN,21612.2,YES,0,NO,NO,YES,NO,0
12364,60,FEMALE,INNER_CITY,46358.4,YES,0,YES,YES,YES,YES,0
12365,23,MALE,INNER_CITY,19166,NO,0,YES,YES,NO,NO,1
12366,21,MALE,INNER_CITY,17921.8,YES,1,YES,NO,NO,NO,1
12367,58,MALE,TOWN,33229,NO,0,YES,YES,YES,NO,1
12368,48,FEMALE,SUBURBAN,30396.1,NO,0,NO,YES,YES,NO,1
12369,63,FEMALE,TOWN,34625.2,YES,0,YES,NO,YES,NO,0
12370,20,MALE,TOWN,16672.8,NO,3,YES,NO,YES,YES,0
12371,67,FEMALE,SUBURBAN,60747.5,NO,2,NO,YES,YES,YES,1
12372,62,FEMALE,INNER_CITY,56394.3,NO,0,YES,YES,YES,NO,1
12373,36,MALE,TOWN,13236.4,YES,0,NO,YES,YES,NO,0
12374,31,MALE,INNER_CITY,28409.4,YES,1,YES,NO,YES,NO,1
12375,42,FEMALE,INNER_CITY,27056.5,YES,0,YES,YES,YES,NO,0
12376,18,MALE,RURAL,9362.58,YES,0,YES,NO,YES,YES,1
12377,46,FEMALE,SUBURBAN,28702.7,NO,1,NO,YES,YES,YES,1
12378,25,MALE,TOWN,22366.1,YES,1,YES,YES,YES,NO,1
12379,65,FEMALE,RURAL,24477.5,NO,0,NO,YES,NO,YES,0
12380,40,MALE,TOWN,36972.4,YES,1,NO,NO,YES,YES,1
12381,32,MALE,INNER_CITY,22327.8,YES,1,NO,NO,NO,NO,1
12382,18,FEMALE,INNER_CITY,15610.2,YES,0,NO,YES,YES,NO,0
12383,64,MALE,INNER_CITY,54314.5,YES,1,YES,YES,NO,NO,1
12384,43,FEMALE,INNER_CITY,39175.8,YES,3,NO,YES,YES,YES,0
12385,22,FEMALE,INNER_CITY,13739,YES,3,NO,YES,YES,NO,0
12386,25,MALE,TOWN,9485.84,YES,0,NO,NO,NO,NO,0
12387,39,MALE,INNER_CITY,24675.7,YES,1,YES,YES,YES,YES,1
12388,58,FEMALE,INNER_CITY,28253.6,YES,3,NO,NO,YES,NO,0
12389,33,MALE,INNER_CITY,14136.5,YES,1,NO,YES,NO,NO,0
12390,52,FEMALE,RURAL,37162.1,YES,1,YES,YES,YES,NO,1
12391,23,MALE,INNER_CITY,13519.2,NO,0,NO,YES,YES,NO,1
12392,44,FEMALE,INNER_CITY,39253.6,NO,0,YES,YES,NO,NO,1
12393,51,MALE,RURAL,46323.8,YES,2,YES,YES,YES,YES,1
12394,26,FEMALE,TOWN,20950.7,YES,0,NO,YES,YES,NO,0
12395,42,MALE,TOWN,22495.7,YES,0,NO,YES,NO,YES,0
12396,34,MALE,TOWN,32548.9,YES,0,YES,YES,YES,YES,0
12397,54,FEMALE,RURAL,24583.4,NO,2,YES,YES,YES,YES,0
12398,18,MALE,RURAL,8639.24,YES,2,NO,NO,NO,NO,0
12399,47,FEMALE,INNER_CITY,17139.5,NO,2,YES,NO,YES,NO,0
12400,24,FEMALE,INNER_CITY,13667.7,YES,0,NO,YES,YES,NO,0
12401,19,FEMALE,INNER_CITY,8162.42,YES,1,YES,YES,YES,YES,0
12402,37,FEMALE,TOWN,15349.6,YES,0,NO,YES,NO,NO,0
12403,45,FEMALE,TOWN,29231.4,YES,0,NO,YES,NO,NO,0
12404,49,MALE,RURAL,41462.3,YES,3,NO,YES,YES,YES,0
12405,67,FEMALE,RURAL,57398.1,NO,3,NO,YES,YES,NO,1
12406,35,FEMALE,RURAL,11520.8,YES,0,NO,NO,YES,NO,0
12407,63,MALE,INNER_CITY,52117.3,NO,2,YES,YES,YES,NO,1
12408,38,MALE,RURAL,26281.4,NO,0,YES,YES,YES,NO,1
12409,48,MALE,TOWN,25683.4,NO,2,YES,YES,YES,NO,0
12410,28,FEMALE,INNER_CITY,11920.7,NO,1,NO,YES,YES,NO,0
12411,46,MALE,TOWN,30658.7,YES,0,NO,YES,YES,NO,0
12412,66,MALE,INNER_CITY,36646.4,NO,1,NO,YES,YES,NO,1
12413,61,FEMALE,TOWN,30760.4,NO,2,YES,NO,YES,NO,1
12414,18,FEMALE,RURAL,16109.9,NO,2,YES,YES,YES,NO,0
12415,54,FEMALE,TOWN,18036.7,YES,0,YES,YES,NO,NO,0
12416,45,MALE,RURAL,42628.3,NO,0,YES,YES,YES,YES,0
12417,60,MALE,INNER_CITY,22110.1,NO,2,YES,YES,YES,NO,0
12418,45,FEMALE,TOWN,37689.1,NO,1,NO,YES,YES,YES,1
12419,31,FEMALE,INNER_CITY,23171.8,NO,2,NO,YES,NO,NO,0
12420,39,MALE,SUBURBAN,21951.3,NO,0,YES,YES,YES,YES,0
12421,53,MALE,INNER_CITY,38103.4,NO,2,YES,YES,YES,NO,1
12422,35,MALE,RURAL,22882.9,YES,0,YES,NO,NO,YES,1
12423,25,FEMALE,TOWN,11043.7,YES,1,YES,YES,NO,YES,0
12424,32,MALE,TOWN,24027.6,NO,0,NO,YES,YES,NO,1
12425,36,MALE,SUBURBAN,28495.1,YES,0,NO,YES,YES,NO,0
12426,24,FEMALE,TOWN,9465.21,NO,0,NO,NO,YES,NO,1
12427,39,MALE,INNER_CITY,34852.3,YES,1,NO,YES,NO,YES,1
12428,24,MALE,INNER_CITY,21268.4,YES,0,NO,NO,YES,YES,1
12429,57,FEMALE,RURAL,50849.2,NO,1,NO,YES,NO,YES,1
12430,27,FEMALE,TOWN,18555.9,YES,3,NO,NO,YES,NO,0
12431,66,FEMALE,RURAL,52769.9,YES,3,YES,YES,YES,NO,1
12432,18,FEMALE,INNER_CITY,11601.4,YES,2,NO,YES,YES,YES,0
12433,33,FEMALE,TOWN,29541.7,YES,0,NO,YES,NO,NO,0
12434,48,MALE,SUBURBAN,17861,YES,2,NO,YES,YES,NO,0
12435,23,FEMALE,SUBURBAN,21042,YES,1,NO,NO,YES,NO,1
12436,44,MALE,TOWN,26688.1,YES,1,NO,YES,NO,YES,1
12437,39,MALE,INNER_CITY,26900.6,YES,2,NO,NO,NO,YES,0
12438,65,MALE,INNER_CITY,38080.9,YES,1,YES,YES,NO,YES,0
12439,60,MALE,SUBURBAN,37554.1,YES,2,YES,YES,YES,YES,1
12440,20,MALE,INNER_CITY,18184.6,YES,0,NO,NO,YES,YES,1
12441,45,FEMALE,SUBURBAN,28864.9,YES,0,NO,YES,YES,NO,0
12442,66,MALE,RURAL,48346.1,YES,1,YES,YES,NO,NO,1
12443,64,MALE,INNER_CITY,53104.3,YES,0,YES,YES,YES,NO,0
12444,51,FEMALE,INNER_CITY,19416.8,YES,0,NO,YES,YES,NO,0
12445,34,MALE,RURAL,23638.1,YES,2,YES,YES,YES,NO,0
12446,65,FEMALE,TOWN,42378.2,YES,1,NO,YES,YES,NO,1
12447,50,MALE,RURAL,39745.3,YES,0,YES,YES,NO,YES,0
12448,66,FEMALE,INNER_CITY,45189.8,YES,0,NO,YES,NO,NO,0
12449,63,MALE,INNER_CITY,37930.9,YES,0,NO,YES,NO,YES,0
12450,53,FEMALE,INNER_CITY,24042,NO,1,NO,NO,YES,NO,1
12451,33,FEMALE,INNER_CITY,31207.1,NO,0,YES,NO,YES,YES,1
12452,38,MALE,TOWN,24424.3,YES,0,NO,YES,YES,YES,0
12453,56,FEMALE,RURAL,24607.8,NO,1,NO,YES,YES,YES,0
12454,48,MALE,TOWN,43057,NO,1,YES,YES,YES,NO,1
12455,49,FEMALE,SUBURBAN,30198.5,YES,0,YES,NO,YES,YES,1
12456,54,FEMALE,RURAL,50186.1,YES,2,NO,YES,YES,YES,1
12457,41,FEMALE,SUBURBAN,22916.1,YES,0,NO,NO,YES,NO,0
12458,19,MALE,RURAL,9592.73,NO,0,NO,YES,YES,NO,1
12459,52,FEMALE,INNER_CITY,34253.6,NO,3,YES,NO,YES,NO,0
12460,52,FEMALE,INNER_CITY,22792.3,YES,1,YES,YES,NO,NO,1
12461,64,FEMALE,TOWN,51620.8,NO,2,YES,YES,YES,NO,1
12462,56,MALE,TOWN,19918.9,YES,3,NO,YES,YES,YES,0
12463,56,MALE,TOWN,29625.1,YES,2,NO,NO,YES,NO,0
12464,19,FEMALE,TOWN,12549,YES,0,NO,YES,YES,NO,0
12465,56,FEMALE,TOWN,51299.3,YES,1,YES,YES,NO,NO,1
12466,27,MALE,INNER_CITY,17364.8,YES,2,YES,YES,NO,NO,1
12467,59,FEMALE,INNER_CITY,29866.9,NO,1,YES,NO,YES,NO,1
12468,56,MALE,INNER_CITY,47750.2,YES,0,YES,YES,YES,YES,0
12469,21,MALE,TOWN,11281.5,YES,0,NO,YES,YES,YES,0
12470,64,MALE,INNER_CITY,34073.8,YES,3,NO,YES,NO,YES,0
12471,62,MALE,INNER_CITY,46870.4,YES,0,NO,YES,YES,NO,0
12472,44,FEMALE,INNER_CITY,38453.7,NO,2,NO,YES,YES,NO,1
12473,24,FEMALE,INNER_CITY,7756.36,NO,0,NO,NO,NO,NO,1
12474,52,FEMALE,INNER_CITY,28413.8,YES,0,NO,NO,YES,NO,0
12475,67,FEMALE,SUBURBAN,47198.6,YES,2,NO,YES,YES,NO,1
12476,41,MALE,INNER_CITY,20866.3,YES,0,YES,YES,YES,NO,0
12477,58,FEMALE,TOWN,33204.3,NO,1,NO,NO,NO,YES,1
12478,40,MALE,INNER_CITY,24823.5,NO,2,NO,NO,YES,NO,0
12479,19,MALE,SUBURBAN,17986.8,YES,0,NO,NO,YES,YES,1
12480,20,FEMALE,INNER_CITY,9909.82,YES,3,NO,NO,YES,NO,0
12481,56,FEMALE,TOWN,26542.8,NO,0,YES,YES,YES,NO,1
12482,46,FEMALE,INNER_CITY,32583.5,YES,2,YES,YES,YES,NO,0
12483,30,MALE,INNER_CITY,14606.6,YES,1,NO,NO,YES,NO,0
12484,40,FEMALE,TOWN,34836.8,YES,1,YES,YES,YES,NO,1
12485,36,FEMALE,TOWN,26920.8,YES,0,NO,NO,YES,NO,0
12486,57,FEMALE,INNER_CITY,38248.3,NO,3,YES,NO,YES,YES,0
12487,49,MALE,INNER_CITY,15689.1,NO,0,NO,NO,YES,NO,0
12488,61,MALE,INNER_CITY,30157.7,NO,1,YES,NO,NO,NO,1
12489,29,MALE,INNER_CITY,14642.2,NO,0,YES,NO,YES,NO,1
12490,48,FEMALE,INNER_CITY,15933.3,YES,0,NO,YES,NO,NO,0
12491,56,FEMALE,INNER_CITY,44288.3,YES,0,NO,YES,YES,NO,0
12492,40,MALE,TOWN,22197.1,NO,0,YES,NO,YES,NO,1
12493,58,FEMALE,TOWN,38248.3,YES,3,YES,YES,NO,NO,0
12494,60,FEMALE,INNER_CITY,22053.2,YES,2,YES,YES,NO,YES,0
12495,58,FEMALE,SUBURBAN,25468.5,NO,0,YES,NO,NO,YES,1
12496,67,FEMALE,TOWN,23485.9,YES,3,YES,NO,NO,YES,0
12497,40,MALE,RURAL,25768.6,YES,0,YES,YES,NO,NO,0
12498,48,MALE,INNER_CITY,34182.2,YES,2,NO,YES,YES,NO,1
12499,64,FEMALE,INNER_CITY,57444.5,NO,1,NO,YES,YES,NO,1
12500,43,MALE,TOWN,38059.8,YES,0,YES,YES,NO,YES,0
12501,34,FEMALE,RURAL,19481.3,NO,0,NO,NO,YES,YES,1
12502,26,MALE,RURAL,19563.8,NO,3,YES,NO,NO,YES,0
12503,48,MALE,INNER_CITY,38598.4,YES,0,YES,NO,YES,NO,0
12504,35,MALE,INNER_CITY,20754.3,NO,0,NO,NO,NO,YES,1
12505,24,FEMALE,INNER_CITY,13864.6,YES,3,NO,YES,YES,NO,1
12506,47,MALE,SUBURBAN,36599,YES,3,YES,YES,YES,NO,1
12507,52,MALE,SUBURBAN,45856.1,NO,1,NO,YES,YES,NO,1
12508,31,MALE,SUBURBAN,22362.3,NO,0,NO,YES,YES,NO,1
12509,41,FEMALE,SUBURBAN,21984,YES,1,YES,NO,NO,NO,1
12510,23,MALE,SUBURBAN,11073,YES,2,NO,YES,NO,NO,0
12511,27,FEMALE,INNER_CITY,18158.5,NO,1,YES,NO,YES,YES,1
12512,22,MALE,INNER_CITY,7304.2,NO,0,YES,YES,YES,YES,0
12513,67,FEMALE,INNER_CITY,58092,NO,2,YES,YES,YES,NO,1
12514,26,FEMALE,INNER_CITY,16518.6,YES,0,YES,NO,YES,NO,1
12515,58,FEMALE,SUBURBAN,46461.5,YES,0,NO,YES,YES,NO,0
12516,27,MALE,RURAL,20058.7,YES,0,NO,YES,YES,YES,0
12517,36,MALE,INNER_CITY,12533.2,NO,1,NO,YES,NO,YES,0
12518,31,MALE,RURAL,22848.5,YES,1,YES,NO,NO,NO,1
12519,28,FEMALE,TOWN,25699.4,YES,2,YES,YES,NO,NO,1
12520,57,MALE,TOWN,21612.6,YES,0,NO,YES,YES,YES,0
12521,64,MALE,INNER_CITY,48950.9,YES,0,YES,YES,YES,YES,0
12522,49,MALE,INNER_CITY,41438,NO,1,NO,YES,NO,NO,1
12523,22,MALE,INNER_CITY,11411,YES,1,YES,NO,YES,NO,0
12524,58,FEMALE,INNER_CITY,43940.6,YES,0,YES,YES,YES,NO,0
12525,20,MALE,TOWN,17239.5,NO,1,YES,NO,YES,NO,1
12526,44,FEMALE,RURAL,30488.7,YES,0,NO,YES,YES,NO,0
12527,65,FEMALE,TOWN,29866.3,YES,3,NO,YES,NO,NO,0
12528,53,FEMALE,INNER_CITY,32184.4,YES,2,YES,NO,NO,NO,1
12529,34,FEMALE,INNER_CITY,17308.7,YES,1,YES,NO,YES,YES,1
12530,35,MALE,RURAL,27863.9,NO,2,NO,YES,YES,YES,0
12531,48,MALE,TOWN,28920.6,YES,0,NO,YES,NO,YES,0
12532,64,FEMALE,TOWN,58367.3,YES,1,YES,YES,YES,NO,1
12533,46,MALE,TOWN,16849.3,NO,0,YES,YES,YES,YES,0
12534,42,FEMALE,RURAL,28138.5,YES,0,NO,NO,YES,YES,1
12535,47,MALE,INNER_CITY,23038.2,YES,0,YES,YES,NO,NO,0
12536,23,MALE,TOWN,11736.9,NO,2,YES,YES,YES,YES,0
12537,35,MALE,INNER_CITY,16479.5,YES,0,YES,NO,NO,YES,1
12538,64,FEMALE,INNER_CITY,31415.7,NO,1,YES,YES,NO,YES,1
12539,18,FEMALE,SUBURBAN,12117.3,YES,1,NO,NO,YES,NO,0
12540,19,MALE,INNER_CITY,15417.1,YES,1,YES,NO,YES,NO,0
12541,40,MALE,INNER_CITY,29414.6,YES,1,NO,YES,NO,YES,1
12542,47,MALE,INNER_CITY,44682.1,YES,0,YES,YES,YES,NO,0
12543,43,FEMALE,RURAL,36281,YES,0,YES,YES,YES,NO,0
12544,38,MALE,TOWN,33302.8,NO,0,YES,NO,YES,YES,1
12545,21,FEMALE,RURAL,15797.1,YES,0,NO,YES,YES,NO,1
12546,40,MALE,RURAL,31864.8,YES,0,YES,YES,YES,NO,0
12547,52,FEMALE,TOWN,43719.5,YES,0,NO,YES,YES,NO,0
12548,35,FEMALE,TOWN,30799.5,YES,2,NO,NO,YES,NO,1
12549,53,MALE,RURAL,48971.6,YES,3,YES,YES,NO,NO,1
12550,38,FEMALE,RURAL,34061.4,NO,0,YES,YES,YES,NO,1
12551,42,MALE,INNER_CITY,28938.6,YES,3,YES,NO,NO,NO,0
12552,43,MALE,TOWN,38540,NO,0,YES,YES,NO,YES,0
12553,59,FEMALE,INNER_CITY,27045.1,NO,0,NO,NO,YES,NO,1
12554,59,FEMALE,RURAL,51284.3,NO,0,YES,YES,YES,YES,0
12555,24,MALE,INNER_CITY,16352.2,NO,0,NO,YES,YES,YES,0
12556,27,FEMALE,INNER_CITY,11866.4,YES,0,YES,YES,YES,NO,0
12557,32,FEMALE,TOWN,13267.6,YES,0,YES,YES,YES,YES,0
12558,65,FEMALE,INNER_CITY,61554.6,YES,0,NO,YES,YES,NO,0
12559,18,MALE,SUBURBAN,13700.2,NO,1,NO,YES,YES,NO,0
12560,66,MALE,TOWN,46963.9,YES,1,NO,YES,YES,NO,1
12561,41,MALE,INNER_CITY,23475.6,YES,0,YES,NO,YES,YES,1
12562,64,FEMALE,SUBURBAN,24554.1,YES,0,YES,YES,NO,YES,0
12563,23,FEMALE,INNER_CITY,18050,YES,0,YES,NO,YES,YES,1
12564,29,FEMALE,RURAL,15237.6,YES,2,YES,NO,YES,NO,0
12565,28,MALE,TOWN,20555,NO,0,YES,YES,YES,NO,1
12566,57,FEMALE,TOWN,28421.7,YES,2,YES,YES,YES,YES,0
12567,38,MALE,INNER_CITY,21876.5,YES,0,NO,NO,YES,NO,0
12568,34,FEMALE,SUBURBAN,12810.2,NO,3,NO,YES,YES,NO,1
12569,43,MALE,SUBURBAN,15109.4,YES,0,NO,NO,YES,NO,1
12570,63,MALE,TOWN,37414.7,NO,3,YES,YES,YES,NO,0
12571,62,FEMALE,INNER_CITY,41521.6,YES,0,NO,YES,YES,YES,0
12572,51,FEMALE,INNER_CITY,25372.8,YES,0,YES,YES,YES,NO,0
12573,61,MALE,INNER_CITY,21139.8,YES,2,YES,YES,NO,NO,0
12574,41,FEMALE,TOWN,27757.6,NO,0,NO,YES,YES,NO,1
12575,31,FEMALE,TOWN,22678.1,NO,1,YES,YES,YES,YES,1
12576,33,FEMALE,TOWN,12178.5,YES,2,NO,YES,YES,YES,0
12577,43,MALE,RURAL,26106.7,NO,1,NO,NO,YES,NO,1
12578,40,MALE,INNER_CITY,27417.6,YES,0,NO,YES,YES,YES,0
12579,47,MALE,TOWN,23337.2,YES,2,NO,YES,YES,YES,0
12580,46,MALE,TOWN,43395.5,NO,1,YES,YES,YES,NO,1
12581,30,MALE,RURAL,11536.2,YES,2,NO,NO,YES,YES,0
12582,47,MALE,INNER_CITY,44658.6,NO,2,YES,YES,YES,NO,1
12583,44,MALE,RURAL,32762.5,NO,0,NO,YES,YES,YES,0
12584,23,MALE,RURAL,16403.8,YES,0,YES,YES,NO,NO,0
12585,28,FEMALE,INNER_CITY,21184.7,YES,1,YES,YES,YES,NO,1
12586,64,FEMALE,INNER_CITY,49917.3,YES,0,YES,YES,YES,YES,0
12587,35,FEMALE,TOWN,21623.8,YES,0,NO,YES,NO,YES,0
12588,19,MALE,RURAL,16625.9,YES,1,NO,NO,YES,NO,1
12589,27,FEMALE,TOWN,14014.5,YES,3,NO,YES,NO,NO,0
12590,27,MALE,INNER_CITY,20409.3,YES,2,NO,YES,NO,NO,1
12591,58,FEMALE,INNER_CITY,31671.3,YES,1,YES,YES,NO,YES,1
12592,46,FEMALE,TOWN,17149.2,NO,1,YES,YES,YES,NO,1
12593,61,FEMALE,TOWN,27756.3,YES,0,YES,YES,NO,YES,1
12594,59,MALE,INNER_CITY,40949.9,NO,0,NO,YES,YES,NO,1
12595,47,FEMALE,RURAL,43743.2,YES,3,NO,YES,YES,NO,0
12596,44,MALE,INNER_CITY,38459.9,YES,0,NO,NO,NO,YES,1
12597,50,MALE,TOWN,40972.9,NO,2,YES,YES,YES,YES,1
12598,64,MALE,INNER_CITY,46587.9,NO,0,NO,YES,YES,NO,1
12599,51,FEMALE,TOWN,43799.6,NO,0,NO,YES,YES,YES,0
12600,46,FEMALE,TOWN,18912.2,YES,0,YES,NO,YES,NO,1
12601,39,FEMALE,INNER_CITY,27765.8,YES,3,YES,YES,NO,NO,0
12602,58,FEMALE,INNER_CITY,33007.3,NO,1,YES,NO,YES,NO,1
12603,32,FEMALE,TOWN,26325.3,YES,0,YES,NO,NO,NO,0
12604,22,FEMALE,INNER_CITY,15308.2,NO,0,YES,YES,YES,YES,0
12605,63,FEMALE,INNER_CITY,59805.6,YES,1,YES,YES,YES,NO,1
12606,35,FEMALE,TOWN,28658.3,YES,0,YES,YES,YES,NO,0
12607,59,FEMALE,INNER_CITY,23175,YES,0,NO,NO,NO,YES,1
12608,22,FEMALE,SUBURBAN,11595.4,NO,0,YES,YES,YES,NO,1
12609,60,MALE,SUBURBAN,50409.9,NO,2,NO,YES,YES,YES,1
12610,23,FEMALE,RURAL,11215.3,YES,2,YES,YES,YES,NO,1
12611,29,FEMALE,TOWN,13327.8,YES,0,NO,YES,NO,NO,0
12612,44,MALE,INNER_CITY,16088.8,YES,3,NO,YES,YES,NO,0
12613,63,FEMALE,TOWN,43943,YES,0,YES,YES,YES,YES,0
12614,25,FEMALE,RURAL,14505.3,NO,3,NO,YES,YES,NO,0
12615,37,MALE,INNER_CITY,33886.4,NO,0,YES,YES,NO,NO,1
12616,48,FEMALE,INNER_CITY,16662.5,YES,1,NO,YES,YES,NO,1
12617,35,FEMALE,TOWN,20262.6,NO,0,NO,YES,NO,NO,1
12618,51,MALE,TOWN,33615.4,YES,1,NO,YES,NO,YES,1
12619,27,FEMALE,TOWN,22007.1,NO,3,NO,NO,YES,NO,0
12620,56,FEMALE,INNER_CITY,28981.1,YES,3,YES,YES,YES,YES,0
12621,38,FEMALE,INNER_CITY,12163.9,YES,2,YES,NO,YES,NO,1
12622,36,FEMALE,TOWN,17247.7,YES,2,YES,YES,YES,NO,0
12623,27,MALE,SUBURBAN,12683.6,NO,3,NO,YES,YES,YES,0
12624,34,FEMALE,TOWN,16291,YES,0,YES,YES,NO,YES,0
12625,44,MALE,SUBURBAN,18707.3,YES,0,YES,YES,YES,YES,1
12626,43,FEMALE,INNER_CITY,19326.9,YES,1,NO,NO,YES,NO,1
12627,32,MALE,INNER_CITY,14511.8,NO,2,NO,YES,NO,YES,0
12628,21,FEMALE,TOWN,10672,NO,1,NO,YES,YES,YES,0
12629,30,FEMALE,INNER_CITY,25830.5,YES,2,NO,NO,YES,NO,0
12630,55,MALE,RURAL,43499.5,YES,1,YES,YES,YES,NO,0
12631,64,MALE,SUBURBAN,59175.1,YES,1,NO,YES,YES,NO,1
12632,36,FEMALE,INNER_CITY,27642.9,NO,1,YES,NO,NO,NO,1
12633,59,MALE,INNER_CITY,30067.5,NO,1,NO,YES,YES,NO,1
12634,60,MALE,INNER_CITY,29714.4,YES,0,YES,NO,YES,YES,1
12635,27,FEMALE,TOWN,13950.4,NO,1,YES,YES,YES,YES,0
12636,29,MALE,INNER_CITY,10072.6,YES,0,NO,NO,YES,NO,0
12637,53,FEMALE,INNER_CITY,37850.6,NO,1,NO,YES,YES,NO,1
12638,61,FEMALE,RURAL,57176.4,NO,2,NO,YES,YES,NO,1
12639,43,FEMALE,INNER_CITY,38784,YES,0,NO,YES,YES,NO,0
12640,19,MALE,INNER_CITY,10191.8,YES,0,NO,YES,YES,YES,1
12641,48,FEMALE,INNER_CITY,21821.4,YES,1,YES,YES,NO,YES,1
12642,39,MALE,RURAL,37389,YES,2,NO,YES,YES,NO,1
12643,32,MALE,INNER_CITY,14627.9,YES,2,YES,YES,YES,NO,0
12644,63,MALE,SUBURBAN,48770.5,YES,1,YES,YES,NO,YES,1
12645,46,MALE,RURAL,21096.2,YES,1,YES,YES,YES,NO,1
12646,40,MALE,INNER_CITY,36256.9,NO,0,NO,NO,YES,YES,1
12647,27,FEMALE,INNER_CITY,15281.8,NO,0,YES,NO,NO,YES,1
12648,22,MALE,SUBURBAN,9316.98,YES,2,YES,YES,YES,NO,0
12649,42,MALE,RURAL,20736.2,YES,1,YES,YES,YES,NO,1
